packetDelay:vector DNP3NetworkTopology.distAuto (#0 - LightTraffic-0-20260310-06:29:58-35672),
10.089025,0.089024999999999992
10.11665,0.116650000000000003
10.144275,0.144274999999999985
10.1719,0.171899999999999996
10.199525,0.199525000000000007
10.22715,0.227149999999999962
10.254775,0.254774999999999972
10.2824,0.282399999999999982
10.310025,0.310024999999999994
10.33765,0.337650000000000004
10.365275,0.365275000000000014
10.3929,0.392900000000000025
10.420525,0.420524999999999925
10.44815,0.448149999999999935
10.475775,0.475774999999999945
10.5034,0.503399999999999845
10.531025,0.531024999999999856
10.55865,0.558649999999999867
10.586275,0.586274999999999877
10.6139,0.613899999999999887
10.641525,0.641524999999999898
10.66915,0.669149999999999908
10.696775,0.696774999999999918
10.7244,0.724399999999999929
10.752025,0.752024999999999939
10.77965,0.779649999999999948
10.807275,0.80727499999999996
10.8349,0.834899999999999972
10.862525,0.862524999999999984
10.89015,0.890149999999999991
10.917775,0.917775000000000003
10.9454,0.945400000000000013
10.973025,0.973025000000000025
11.00065,1.000649999999999813
11.028275,1.028274999999999823
11.0559,1.055899999999999834
11.083525,1.083524999999999844
11.11115,1.111149999999999856
11.138775,1.138774999999999865
11.1664,1.166399999999999876
11.194025,1.194024999999999887
11.22165,1.221649999999999897
11.249275,1.249274999999999903
11.2769,1.276899999999999918
11.304525,1.304524999999999927
11.33215,1.332149999999999938
11.359775,1.359774999999999951
11.3874,1.387399999999999962
11.415025,1.415024999999999975
11.44265,1.442649999999999981
20.089025,0.089024999999999992
20.11665,0.116650000000000003
20.144275,0.144274999999999985
20.1719,0.171899999999999996
20.199525,0.199525000000000007
20.22715,0.227149999999999962
20.254775,0.254774999999999972
20.2824,0.282399999999999982
20.310025,0.310024999999999994
20.33765,0.337650000000000004
20.365275,0.365275000000000014
20.3929,0.392900000000000025
20.420525,0.420524999999999925
20.44815,0.448149999999999935
20.475775,0.475774999999999945
20.5034,0.503399999999999845
20.531025,0.531024999999999856
20.55865,0.558649999999999867
20.586275,0.586274999999999877
20.6139,0.613899999999999887
20.641525,0.641524999999999898
20.66915,0.669149999999999908
20.696775,0.696774999999999918
20.7244,0.724399999999999929
20.752025,0.752024999999999939
20.77965,0.779649999999999948
20.807275,0.80727499999999996
20.8349,0.834899999999999972
20.862525,0.862524999999999984
20.89015,0.890149999999999991
20.917775,0.917775000000000003
20.9454,0.945400000000000013
20.973025,0.973025000000000025
21.00065,1.000649999999999813
21.028275,1.028274999999999823
21.0559,1.055899999999999834
21.083525,1.083524999999999844
21.11115,1.111149999999999856
21.138775,1.138774999999999865
21.1664,1.166399999999999876
21.194025,1.194024999999999887
21.22165,1.221649999999999897
21.249275,1.249274999999999903
21.2769,1.276899999999999918
21.304525,1.304524999999999927
21.33215,1.332149999999999938
21.359775,1.359774999999999951
21.3874,1.387399999999999962
21.415025,1.415024999999999975
21.44265,1.442649999999999981
30.089025,0.089024999999999992
30.11665,0.116650000000000003
30.144275,0.144274999999999985
30.1719,0.171899999999999996
30.199525,0.199525000000000007
30.22715,0.227149999999999962
30.254775,0.254774999999999972
30.2824,0.282399999999999982
30.310025,0.310024999999999994
30.33765,0.337650000000000004
30.365275,0.365275000000000014
30.3929,0.392900000000000025
30.420525,0.420524999999999925
30.44815,0.448149999999999935
30.475775,0.475774999999999945
30.5034,0.503399999999999845
30.531025,0.531024999999999856
30.55865,0.558649999999999867
30.586275,0.586274999999999877
30.6139,0.613899999999999887
30.641525,0.641524999999999898
30.66915,0.669149999999999908
30.696775,0.696774999999999918
30.7244,0.724399999999999929
30.752025,0.752024999999999939
30.77965,0.779649999999999948
30.807275,0.80727499999999996
30.8349,0.834899999999999972
30.862525,0.862524999999999984
30.89015,0.890149999999999991
30.917775,0.917775000000000003
30.9454,0.945400000000000013
30.973025,0.973025000000000025
31.00065,1.000649999999999813
31.028275,1.028274999999999823
31.0559,1.055899999999999834
31.083525,1.083524999999999844
31.11115,1.111149999999999856
31.138775,1.138774999999999865
31.1664,1.166399999999999876
31.194025,1.194024999999999887
31.22165,1.221649999999999897
31.249275,1.249274999999999903
31.2769,1.276899999999999918
31.304525,1.304524999999999927
31.33215,1.332149999999999938
31.359775,1.359774999999999951
31.3874,1.387399999999999962
31.415025,1.415024999999999975
31.44265,1.442649999999999981
40.089025,0.089024999999999992
40.11665,0.116650000000000003
40.144275,0.144274999999999985
40.1719,0.171899999999999996
40.199525,0.199525000000000007
40.22715,0.227149999999999962
40.254775,0.254774999999999972
40.2824,0.282399999999999982
40.310025,0.310024999999999994
40.33765,0.337650000000000004
40.365275,0.365275000000000014
40.3929,0.392900000000000025
40.420525,0.420524999999999925
40.44815,0.448149999999999935
40.475775,0.475774999999999945
40.5034,0.503399999999999845
40.531025,0.531024999999999856
40.55865,0.558649999999999867
40.586275,0.586274999999999877
40.6139,0.613899999999999887
40.641525,0.641524999999999898
40.66915,0.669149999999999908
40.696775,0.696774999999999918
40.7244,0.724399999999999929
40.752025,0.752024999999999939
40.77965,0.779649999999999948
40.807275,0.80727499999999996
40.8349,0.834899999999999972
40.862525,0.862524999999999984
40.89015,0.890149999999999991
40.917775,0.917775000000000003
40.9454,0.945400000000000013
40.973025,0.973025000000000025
41.00065,1.000649999999999813
41.028275,1.028274999999999823
41.0559,1.055899999999999834
41.083525,1.083524999999999844
41.11115,1.111149999999999856
41.138775,1.138774999999999865
41.1664,1.166399999999999876
41.194025,1.194024999999999887
41.22165,1.221649999999999897
41.249275,1.249274999999999903
41.2769,1.276899999999999918
41.304525,1.304524999999999927
41.33215,1.332149999999999938
41.359775,1.359774999999999951
41.3874,1.387399999999999962
41.415025,1.415024999999999975
41.44265,1.442649999999999981
50.089025,0.089024999999999992
50.11665,0.116650000000000003
50.144275,0.144274999999999985
50.1719,0.171899999999999996
50.199525,0.199525000000000007
50.22715,0.227149999999999962
50.254775,0.254774999999999972
50.2824,0.282399999999999982
50.310025,0.310024999999999994
50.33765,0.337650000000000004
50.365275,0.365275000000000014
50.3929,0.392900000000000025
50.420525,0.420524999999999925
50.44815,0.448149999999999935
50.475775,0.475774999999999945
50.5034,0.503399999999999845
50.531025,0.531024999999999856
50.55865,0.558649999999999867
50.586275,0.586274999999999877
50.6139,0.613899999999999887
50.641525,0.641524999999999898
50.66915,0.669149999999999908
50.696775,0.696774999999999918
50.7244,0.724399999999999929
50.752025,0.752024999999999939
50.77965,0.779649999999999948
50.807275,0.80727499999999996
50.8349,0.834899999999999972
50.862525,0.862524999999999984
50.89015,0.890149999999999991
50.917775,0.917775000000000003
50.9454,0.945400000000000013
50.973025,0.973025000000000025
51.00065,1.000649999999999813
51.028275,1.028274999999999823
51.0559,1.055899999999999834
51.083525,1.083524999999999844
51.11115,1.111149999999999856
51.138775,1.138774999999999865
51.1664,1.166399999999999876
51.194025,1.194024999999999887
51.22165,1.221649999999999897
51.249275,1.249274999999999903
51.2769,1.276899999999999918
51.304525,1.304524999999999927
51.33215,1.332149999999999938
51.359775,1.359774999999999951
51.3874,1.387399999999999962
51.415025,1.415024999999999975
51.44265,1.442649999999999981
60.089025,0.089024999999999992
60.11665,0.116650000000000003
60.144275,0.144274999999999985
60.1719,0.171899999999999996
60.199525,0.199525000000000007
60.22715,0.227149999999999962
60.254775,0.254774999999999972
60.2824,0.282399999999999982
60.310025,0.310024999999999994
60.33765,0.337650000000000004
60.365275,0.365275000000000014
60.3929,0.392900000000000025
60.420525,0.420524999999999925
60.44815,0.448149999999999935
60.475775,0.475774999999999945
60.5034,0.503399999999999845
60.531025,0.531024999999999856
60.55865,0.558649999999999867
60.586275,0.586274999999999877
60.6139,0.613899999999999887
60.641525,0.641524999999999898
60.66915,0.669149999999999908
60.696775,0.696774999999999918
60.7244,0.724399999999999929
60.752025,0.752024999999999939
60.77965,0.779649999999999948
60.807275,0.80727499999999996
60.8349,0.834899999999999972
60.862525,0.862524999999999984
60.89015,0.890149999999999991
60.917775,0.917775000000000003
60.9454,0.945400000000000013
60.973025,0.973025000000000025
61.00065,1.000649999999999813
61.028275,1.028274999999999823
61.0559,1.055899999999999834
61.083525,1.083524999999999844
61.11115,1.111149999999999856
61.138775,1.138774999999999865
61.1664,1.166399999999999876
61.194025,1.194024999999999887
61.22165,1.221649999999999897
61.249275,1.249274999999999903
61.2769,1.276899999999999918
61.304525,1.304524999999999927
61.33215,1.332149999999999938
61.359775,1.359774999999999951
61.3874,1.387399999999999962
61.415025,1.415024999999999975
61.44265,1.442649999999999981
70.089025,0.089024999999999992
70.11665,0.116650000000000003
70.144275,0.144274999999999985
70.1719,0.171899999999999996
70.199525,0.199525000000000007
70.22715,0.227149999999999962
70.254775,0.254774999999999972
70.2824,0.282399999999999982
70.310025,0.310024999999999994
70.33765,0.337650000000000004
70.365275,0.365275000000000014
70.3929,0.392900000000000025
70.420525,0.420524999999999925
70.44815,0.448149999999999935
70.475775,0.475774999999999945
70.5034,0.503399999999999845
70.531025,0.531024999999999856
70.55865,0.558649999999999867
70.586275,0.586274999999999877
70.6139,0.613899999999999887
70.641525,0.641524999999999898
70.66915,0.669149999999999908
70.696775,0.696774999999999918
70.7244,0.724399999999999929
70.752025,0.752024999999999939
70.77965,0.779649999999999948
70.807275,0.80727499999999996
70.8349,0.834899999999999972
70.862525,0.862524999999999984
70.89015,0.890149999999999991
70.917775,0.917775000000000003
70.9454,0.945400000000000013
70.973025,0.973025000000000025
71.00065,1.000649999999999813
71.028275,1.028274999999999823
71.0559,1.055899999999999834
71.083525,1.083524999999999844
71.11115,1.111149999999999856
71.138775,1.138774999999999865
71.1664,1.166399999999999876
71.194025,1.194024999999999887
71.22165,1.221649999999999897
71.249275,1.249274999999999903
71.2769,1.276899999999999918
71.304525,1.304524999999999927
71.33215,1.332149999999999938
71.359775,1.359774999999999951
71.3874,1.387399999999999962
71.415025,1.415024999999999975
71.44265,1.442649999999999981
80.089025,0.089024999999999992
80.11665,0.116650000000000003
80.144275,0.144274999999999985
80.1719,0.171899999999999996
80.199525,0.199525000000000007
80.22715,0.227149999999999962
80.254775,0.254774999999999972
80.2824,0.282399999999999982
80.310025,0.310024999999999994
80.33765,0.337650000000000004
80.365275,0.365275000000000014
80.3929,0.392900000000000025
80.420525,0.420524999999999925
80.44815,0.448149999999999935
80.475775,0.475774999999999945
80.5034,0.503399999999999845
80.531025,0.531024999999999856
80.55865,0.558649999999999867
80.586275,0.586274999999999877
80.6139,0.613899999999999887
80.641525,0.641524999999999898
80.66915,0.669149999999999908
80.696775,0.696774999999999918
80.7244,0.724399999999999929
80.752025,0.752024999999999939
80.77965,0.779649999999999948
80.807275,0.80727499999999996
80.8349,0.834899999999999972
80.862525,0.862524999999999984
80.89015,0.890149999999999991
80.917775,0.917775000000000003
80.9454,0.945400000000000013
80.973025,0.973025000000000025
81.00065,1.000649999999999813
81.028275,1.028274999999999823
81.0559,1.055899999999999834
81.083525,1.083524999999999844
81.11115,1.111149999999999856
81.138775,1.138774999999999865
81.1664,1.166399999999999876
81.194025,1.194024999999999887
81.22165,1.221649999999999897
81.249275,1.249274999999999903
81.2769,1.276899999999999918
81.304525,1.304524999999999927
81.33215,1.332149999999999938
81.359775,1.359774999999999951
81.3874,1.387399999999999962
81.415025,1.415024999999999975
81.44265,1.442649999999999981
90.089025,0.089024999999999992
90.11665,0.116650000000000003
90.144275,0.144274999999999985
90.1719,0.171899999999999996
90.199525,0.199525000000000007
90.22715,0.227149999999999962
90.254775,0.254774999999999972
90.2824,0.282399999999999982
90.310025,0.310024999999999994
90.33765,0.337650000000000004
90.365275,0.365275000000000014
90.3929,0.392900000000000025
90.420525,0.420524999999999925
90.44815,0.448149999999999935
90.475775,0.475774999999999945
90.5034,0.503399999999999845
90.531025,0.531024999999999856
90.55865,0.558649999999999867
90.586275,0.586274999999999877
90.6139,0.613899999999999887
90.641525,0.641524999999999898
90.66915,0.669149999999999908
90.696775,0.696774999999999918
90.7244,0.724399999999999929
90.752025,0.752024999999999939
90.77965,0.779649999999999948
90.807275,0.80727499999999996
90.8349,0.834899999999999972
90.862525,0.862524999999999984
90.89015,0.890149999999999991
90.917775,0.917775000000000003
90.9454,0.945400000000000013
90.973025,0.973025000000000025
91.00065,1.000649999999999813
91.028275,1.028274999999999823
91.0559,1.055899999999999834
91.083525,1.083524999999999844
91.11115,1.111149999999999856
91.138775,1.138774999999999865
91.1664,1.166399999999999876
91.194025,1.194024999999999887
91.22165,1.221649999999999897
91.249275,1.249274999999999903
91.2769,1.276899999999999918
91.304525,1.304524999999999927
91.33215,1.332149999999999938
91.359775,1.359774999999999951
91.3874,1.387399999999999962
91.415025,1.415024999999999975
91.44265,1.442649999999999981
100.089025,0.089024999999999992
100.11665,0.116650000000000003
100.144275,0.144274999999999985
100.1719,0.171899999999999996
100.199525,0.199525000000000007
100.22715,0.227149999999999962
100.254775,0.254774999999999972
100.2824,0.282399999999999982
100.310025,0.310024999999999994
100.33765,0.337650000000000004
100.365275,0.365275000000000014
100.3929,0.392900000000000025
100.420525,0.420524999999999925
100.44815,0.448149999999999935
100.475775,0.475774999999999945
100.5034,0.503399999999999845
100.531025,0.531024999999999856
100.55865,0.558649999999999867
100.586275,0.586274999999999877
100.6139,0.613899999999999887
100.641525,0.641524999999999898
100.66915,0.669149999999999908
100.696775,0.696774999999999918
100.7244,0.724399999999999929
100.752025,0.752024999999999939
100.77965,0.779649999999999948
100.807275,0.80727499999999996
100.8349,0.834899999999999972
100.862525,0.862524999999999984
100.89015,0.890149999999999991
100.917775,0.917775000000000003
100.9454,0.945400000000000013
100.973025,0.973025000000000025
101.00065,1.000649999999999813
101.028275,1.028274999999999823
101.0559,1.055899999999999834
101.083525,1.083524999999999844
101.11115,1.111149999999999856
101.138775,1.138774999999999865
101.1664,1.166399999999999876
101.194025,1.194024999999999887
101.22165,1.221649999999999897
101.249275,1.249274999999999903
101.2769,1.276899999999999918
101.304525,1.304524999999999927
101.33215,1.332149999999999938
101.359775,1.359774999999999951
101.3874,1.387399999999999962
101.415025,1.415024999999999975
101.44265,1.442649999999999981
110.089025,0.089024999999999992
110.11665,0.116650000000000003
110.144275,0.144274999999999985
110.1719,0.171899999999999996
110.199525,0.199525000000000007
110.22715,0.227149999999999962
110.254775,0.254774999999999972
110.2824,0.282399999999999982
110.310025,0.310024999999999994
110.33765,0.337650000000000004
110.365275,0.365275000000000014
110.3929,0.392900000000000025
110.420525,0.420524999999999925
110.44815,0.448149999999999935
110.475775,0.475774999999999945
110.5034,0.503399999999999845
110.531025,0.531024999999999856
110.55865,0.558649999999999867
110.586275,0.586274999999999877
110.6139,0.613899999999999887
110.641525,0.641524999999999898
110.66915,0.669149999999999908
110.696775,0.696774999999999918
110.7244,0.724399999999999929
110.752025,0.752024999999999939
110.77965,0.779649999999999948
110.807275,0.80727499999999996
110.8349,0.834899999999999972
110.862525,0.862524999999999984
110.89015,0.890149999999999991
110.917775,0.917775000000000003
110.9454,0.945400000000000013
110.973025,0.973025000000000025
111.00065,1.000649999999999813
111.028275,1.028274999999999823
111.0559,1.055899999999999834
111.083525,1.083524999999999844
111.11115,1.111149999999999856
111.138775,1.138774999999999865
111.1664,1.166399999999999876
111.194025,1.194024999999999887
111.22165,1.221649999999999897
111.249275,1.249274999999999903
111.2769,1.276899999999999918
111.304525,1.304524999999999927
111.33215,1.332149999999999938
111.359775,1.359774999999999951
111.3874,1.387399999999999962
111.415025,1.415024999999999975
111.44265,1.442649999999999981
120.089025,0.089024999999999992
120.11665,0.116650000000000003
120.144275,0.144274999999999985
120.1719,0.171899999999999996
120.199525,0.199525000000000007
120.22715,0.227149999999999962
120.254775,0.254774999999999972
120.2824,0.282399999999999982
120.310025,0.310024999999999994
120.33765,0.337650000000000004
120.365275,0.365275000000000014
120.3929,0.392900000000000025
120.420525,0.420524999999999925
120.44815,0.448149999999999935
120.475775,0.475774999999999945
120.5034,0.503399999999999845
120.531025,0.531024999999999856
120.55865,0.558649999999999867
120.586275,0.586274999999999877
120.6139,0.613899999999999887
120.641525,0.641524999999999898
120.66915,0.669149999999999908
120.696775,0.696774999999999918
120.7244,0.724399999999999929
120.752025,0.752024999999999939
120.77965,0.779649999999999948
120.807275,0.80727499999999996
120.8349,0.834899999999999972
120.862525,0.862524999999999984
120.89015,0.890149999999999991
120.917775,0.917775000000000003
120.9454,0.945400000000000013
120.973025,0.973025000000000025
121.00065,1.000649999999999813
121.028275,1.028274999999999823
121.0559,1.055899999999999834
121.083525,1.083524999999999844
121.11115,1.111149999999999856
121.138775,1.138774999999999865
121.1664,1.166399999999999876
121.194025,1.194024999999999887
121.22165,1.221649999999999897
121.249275,1.249274999999999903
121.2769,1.276899999999999918
121.304525,1.304524999999999927
121.33215,1.332149999999999938
121.359775,1.359774999999999951
121.3874,1.387399999999999962
121.415025,1.415024999999999975
121.44265,1.442649999999999981
130.089025,0.089024999999999992
130.11665,0.116650000000000003
130.144275,0.144274999999999985
130.1719,0.171899999999999996
130.199525,0.199525000000000007
130.22715,0.227149999999999962
130.254775,0.254774999999999972
130.2824,0.282399999999999982
130.310025,0.310024999999999994
130.33765,0.337650000000000004
130.365275,0.365275000000000014
130.3929,0.392900000000000025
130.420525,0.420524999999999925
130.44815,0.448149999999999935
130.475775,0.475774999999999945
130.5034,0.503399999999999845
130.531025,0.531024999999999856
130.55865,0.558649999999999867
130.586275,0.586274999999999877
130.6139,0.613899999999999887
130.641525,0.641524999999999898
130.66915,0.669149999999999908
130.696775,0.696774999999999918
130.7244,0.724399999999999929
130.752025,0.752024999999999939
130.77965,0.779649999999999948
130.807275,0.80727499999999996
130.8349,0.834899999999999972
130.862525,0.862524999999999984
130.89015,0.890149999999999991
130.917775,0.917775000000000003
130.9454,0.945400000000000013
130.973025,0.973025000000000025
131.00065,1.000649999999999813
131.028275,1.028274999999999823
131.0559,1.055899999999999834
131.083525,1.083524999999999844
131.11115,1.111149999999999856
131.138775,1.138774999999999865
131.1664,1.166399999999999876
131.194025,1.194024999999999887
131.22165,1.221649999999999897
131.249275,1.249274999999999903
131.2769,1.276899999999999918
131.304525,1.304524999999999927
131.33215,1.332149999999999938
131.359775,1.359774999999999951
131.3874,1.387399999999999962
131.415025,1.415024999999999975
131.44265,1.442649999999999981
140.089025,0.089024999999999992
140.11665,0.116650000000000003
140.144275,0.144274999999999985
140.1719,0.171899999999999996
140.199525,0.199525000000000007
140.22715,0.227149999999999962
140.254775,0.254774999999999972
140.2824,0.282399999999999982
140.310025,0.310024999999999994
140.33765,0.337650000000000004
140.365275,0.365275000000000014
140.3929,0.392900000000000025
140.420525,0.420524999999999925
140.44815,0.448149999999999935
140.475775,0.475774999999999945
140.5034,0.503399999999999845
140.531025,0.531024999999999856
140.55865,0.558649999999999867
140.586275,0.586274999999999877
140.6139,0.613899999999999887
140.641525,0.641524999999999898
140.66915,0.669149999999999908
140.696775,0.696774999999999918
140.7244,0.724399999999999929
140.752025,0.752024999999999939
140.77965,0.779649999999999948
140.807275,0.80727499999999996
140.8349,0.834899999999999972
140.862525,0.862524999999999984
140.89015,0.890149999999999991
140.917775,0.917775000000000003
140.9454,0.945400000000000013
140.973025,0.973025000000000025
141.00065,1.000649999999999813
141.028275,1.028274999999999823
141.0559,1.055899999999999834
141.083525,1.083524999999999844
141.11115,1.111149999999999856
141.138775,1.138774999999999865
141.1664,1.166399999999999876
141.194025,1.194024999999999887
141.22165,1.221649999999999897
141.249275,1.249274999999999903
141.2769,1.276899999999999918
141.304525,1.304524999999999927
141.33215,1.332149999999999938
141.359775,1.359774999999999951
141.3874,1.387399999999999962
141.415025,1.415024999999999975
141.44265,1.442649999999999981
150.089025,0.089024999999999992
150.11665,0.116650000000000003
150.144275,0.144274999999999985
150.1719,0.171899999999999996
150.199525,0.199525000000000007
150.22715,0.227149999999999962
150.254775,0.254774999999999972
150.2824,0.282399999999999982
150.310025,0.310024999999999994
150.33765,0.337650000000000004
150.365275,0.365275000000000014
150.3929,0.392900000000000025
150.420525,0.420524999999999925
150.44815,0.448149999999999935
150.475775,0.475774999999999945
150.5034,0.503399999999999845
150.531025,0.531024999999999856
150.55865,0.558649999999999867
150.586275,0.586274999999999877
150.6139,0.613899999999999887
150.641525,0.641524999999999898
150.66915,0.669149999999999908
150.696775,0.696774999999999918
150.7244,0.724399999999999929
150.752025,0.752024999999999939
150.77965,0.779649999999999948
150.807275,0.80727499999999996
150.8349,0.834899999999999972
150.862525,0.862524999999999984
150.89015,0.890149999999999991
150.917775,0.917775000000000003
150.9454,0.945400000000000013
150.973025,0.973025000000000025
151.00065,1.000649999999999813
151.028275,1.028274999999999823
151.0559,1.055899999999999834
151.083525,1.083524999999999844
151.11115,1.111149999999999856
151.138775,1.138774999999999865
151.1664,1.166399999999999876
151.194025,1.194024999999999887
151.22165,1.221649999999999897
151.249275,1.249274999999999903
151.2769,1.276899999999999918
151.304525,1.304524999999999927
151.33215,1.332149999999999938
151.359775,1.359774999999999951
151.3874,1.387399999999999962
151.415025,1.415024999999999975
151.44265,1.442649999999999981
160.089025,0.089024999999999992
160.11665,0.116650000000000003
160.144275,0.144274999999999985
160.1719,0.171899999999999996
160.199525,0.199525000000000007
160.22715,0.227149999999999962
160.254775,0.254774999999999972
160.2824,0.282399999999999982
160.310025,0.310024999999999994
160.33765,0.337650000000000004
160.365275,0.365275000000000014
160.3929,0.392900000000000025
160.420525,0.420524999999999925
160.44815,0.448149999999999935
160.475775,0.475774999999999945
160.5034,0.503399999999999845
160.531025,0.531024999999999856
160.55865,0.558649999999999867
160.586275,0.586274999999999877
160.6139,0.613899999999999887
160.641525,0.641524999999999898
160.66915,0.669149999999999908
160.696775,0.696774999999999918
160.7244,0.724399999999999929
160.752025,0.752024999999999939
160.77965,0.779649999999999948
160.807275,0.80727499999999996
160.8349,0.834899999999999972
160.862525,0.862524999999999984
160.89015,0.890149999999999991
160.917775,0.917775000000000003
160.9454,0.945400000000000013
160.973025,0.973025000000000025
161.00065,1.000649999999999813
161.028275,1.028274999999999823
161.0559,1.055899999999999834
161.083525,1.083524999999999844
161.11115,1.111149999999999856
161.138775,1.138774999999999865
161.1664,1.166399999999999876
161.194025,1.194024999999999887
161.22165,1.221649999999999897
161.249275,1.249274999999999903
161.2769,1.276899999999999918
161.304525,1.304524999999999927
161.33215,1.332149999999999938
161.359775,1.359774999999999951
161.3874,1.387399999999999962
161.415025,1.415024999999999975
161.44265,1.442649999999999981
170.089025,0.089024999999999992
170.11665,0.116650000000000003
170.144275,0.144274999999999985
170.1719,0.171899999999999996
170.199525,0.199525000000000007
170.22715,0.227149999999999962
170.254775,0.254774999999999972
170.2824,0.282399999999999982
170.310025,0.310024999999999994
170.33765,0.337650000000000004
170.365275,0.365275000000000014
170.3929,0.392900000000000025
170.420525,0.420524999999999925
170.44815,0.448149999999999935
170.475775,0.475774999999999945
170.5034,0.503399999999999845
170.531025,0.531024999999999856
170.55865,0.558649999999999867
170.586275,0.586274999999999877
170.6139,0.613899999999999887
170.641525,0.641524999999999898
170.66915,0.669149999999999908
170.696775,0.696774999999999918
170.7244,0.724399999999999929
170.752025,0.752024999999999939
170.77965,0.779649999999999948
170.807275,0.80727499999999996
170.8349,0.834899999999999972
170.862525,0.862524999999999984
170.89015,0.890149999999999991
170.917775,0.917775000000000003
170.9454,0.945400000000000013
170.973025,0.973025000000000025
171.00065,1.000649999999999813
171.028275,1.028274999999999823
171.0559,1.055899999999999834
171.083525,1.083524999999999844
171.11115,1.111149999999999856
171.138775,1.138774999999999865
171.1664,1.166399999999999876
171.194025,1.194024999999999887
171.22165,1.221649999999999897
171.249275,1.249274999999999903
171.2769,1.276899999999999918
171.304525,1.304524999999999927
171.33215,1.332149999999999938
171.359775,1.359774999999999951
171.3874,1.387399999999999962
171.415025,1.415024999999999975
171.44265,1.442649999999999981
180.089025,0.089024999999999992
180.11665,0.116650000000000003
180.144275,0.144274999999999985
180.1719,0.171899999999999996
180.199525,0.199525000000000007
180.22715,0.227149999999999962
180.254775,0.254774999999999972
180.2824,0.282399999999999982
180.310025,0.310024999999999994
180.33765,0.337650000000000004
180.365275,0.365275000000000014
180.3929,0.392900000000000025
180.420525,0.420524999999999925
180.44815,0.448149999999999935
180.475775,0.475774999999999945
180.5034,0.503399999999999845
180.531025,0.531024999999999856
180.55865,0.558649999999999867
180.586275,0.586274999999999877
180.6139,0.613899999999999887
180.641525,0.641524999999999898
180.66915,0.669149999999999908
180.696775,0.696774999999999918
180.7244,0.724399999999999929
180.752025,0.752024999999999939
180.77965,0.779649999999999948
180.807275,0.80727499999999996
180.8349,0.834899999999999972
180.862525,0.862524999999999984
180.89015,0.890149999999999991
180.917775,0.917775000000000003
180.9454,0.945400000000000013
180.973025,0.973025000000000025
181.00065,1.000649999999999813
181.028275,1.028274999999999823
181.0559,1.055899999999999834
181.083525,1.083524999999999844
181.11115,1.111149999999999856
181.138775,1.138774999999999865
181.1664,1.166399999999999876
181.194025,1.194024999999999887
181.22165,1.221649999999999897
181.249275,1.249274999999999903
181.2769,1.276899999999999918
181.304525,1.304524999999999927
181.33215,1.332149999999999938
181.359775,1.359774999999999951
181.3874,1.387399999999999962
181.415025,1.415024999999999975
181.44265,1.442649999999999981
190.089025,0.089024999999999992
190.11665,0.116650000000000003
190.144275,0.144274999999999985
190.1719,0.171899999999999996
190.199525,0.199525000000000007
190.22715,0.227149999999999962
190.254775,0.254774999999999972
190.2824,0.282399999999999982
190.310025,0.310024999999999994
190.33765,0.337650000000000004
190.365275,0.365275000000000014
190.3929,0.392900000000000025
190.420525,0.420524999999999925
190.44815,0.448149999999999935
190.475775,0.475774999999999945
190.5034,0.503399999999999845
190.531025,0.531024999999999856
190.55865,0.558649999999999867
190.586275,0.586274999999999877
190.6139,0.613899999999999887
190.641525,0.641524999999999898
190.66915,0.669149999999999908
190.696775,0.696774999999999918
190.7244,0.724399999999999929
190.752025,0.752024999999999939
190.77965,0.779649999999999948
190.807275,0.80727499999999996
190.8349,0.834899999999999972
190.862525,0.862524999999999984
190.89015,0.890149999999999991
190.917775,0.917775000000000003
190.9454,0.945400000000000013
190.973025,0.973025000000000025
191.00065,1.000649999999999813
191.028275,1.028274999999999823
191.0559,1.055899999999999834
191.083525,1.083524999999999844
191.11115,1.111149999999999856
191.138775,1.138774999999999865
191.1664,1.166399999999999876
191.194025,1.194024999999999887
191.22165,1.221649999999999897
191.249275,1.249274999999999903
191.2769,1.276899999999999918
191.304525,1.304524999999999927
191.33215,1.332149999999999938
191.359775,1.359774999999999951
191.3874,1.387399999999999962
191.415025,1.415024999999999975
191.44265,1.442649999999999981
200.089025,0.089024999999999992
200.11665,0.116650000000000003
200.144275,0.144274999999999985
200.1719,0.171899999999999996
200.199525,0.199525000000000007
200.22715,0.227149999999999962
200.254775,0.254774999999999972
200.2824,0.282399999999999982
200.310025,0.310024999999999994
200.33765,0.337650000000000004
200.365275,0.365275000000000014
200.3929,0.392900000000000025
200.420525,0.420524999999999925
200.44815,0.448149999999999935
200.475775,0.475774999999999945
200.5034,0.503399999999999845
200.531025,0.531024999999999856
200.55865,0.558649999999999867
200.586275,0.586274999999999877
200.6139,0.613899999999999887
200.641525,0.641524999999999898
200.66915,0.669149999999999908
200.696775,0.696774999999999918
200.7244,0.724399999999999929
200.752025,0.752024999999999939
200.77965,0.779649999999999948
200.807275,0.80727499999999996
200.8349,0.834899999999999972
200.862525,0.862524999999999984
200.89015,0.890149999999999991
200.917775,0.917775000000000003
200.9454,0.945400000000000013
200.973025,0.973025000000000025
201.00065,1.000649999999999813
201.028275,1.028274999999999823
201.0559,1.055899999999999834
201.083525,1.083524999999999844
201.11115,1.111149999999999856
201.138775,1.138774999999999865
201.1664,1.166399999999999876
201.194025,1.194024999999999887
201.22165,1.221649999999999897
201.249275,1.249274999999999903
201.2769,1.276899999999999918
201.304525,1.304524999999999927
201.33215,1.332149999999999938
201.359775,1.359774999999999951
201.3874,1.387399999999999962
201.415025,1.415024999999999975
201.44265,1.442649999999999981
210.089025,0.089024999999999992
210.11665,0.116650000000000003
210.144275,0.144274999999999985
210.1719,0.171899999999999996
210.199525,0.199525000000000007
210.22715,0.227149999999999962
210.254775,0.254774999999999972
210.2824,0.282399999999999982
210.310025,0.310024999999999994
210.33765,0.337650000000000004
210.365275,0.365275000000000014
210.3929,0.392900000000000025
210.420525,0.420524999999999925
210.44815,0.448149999999999935
210.475775,0.475774999999999945
210.5034,0.503399999999999845
210.531025,0.531024999999999856
210.55865,0.558649999999999867
210.586275,0.586274999999999877
210.6139,0.613899999999999887
210.641525,0.641524999999999898
210.66915,0.669149999999999908
210.696775,0.696774999999999918
210.7244,0.724399999999999929
210.752025,0.752024999999999939
210.77965,0.779649999999999948
210.807275,0.80727499999999996
210.8349,0.834899999999999972
210.862525,0.862524999999999984
210.89015,0.890149999999999991
210.917775,0.917775000000000003
210.9454,0.945400000000000013
210.973025,0.973025000000000025
211.00065,1.000649999999999813
211.028275,1.028274999999999823
211.0559,1.055899999999999834
211.083525,1.083524999999999844
211.11115,1.111149999999999856
211.138775,1.138774999999999865
211.1664,1.166399999999999876
211.194025,1.194024999999999887
211.22165,1.221649999999999897
211.249275,1.249274999999999903
211.2769,1.276899999999999918
211.304525,1.304524999999999927
211.33215,1.332149999999999938
211.359775,1.359774999999999951
211.3874,1.387399999999999962
211.415025,1.415024999999999975
211.44265,1.442649999999999981
220.089025,0.089024999999999992
220.11665,0.116650000000000003
220.144275,0.144274999999999985
220.1719,0.171899999999999996
220.199525,0.199525000000000007
220.22715,0.227149999999999962
220.254775,0.254774999999999972
220.2824,0.282399999999999982
220.310025,0.310024999999999994
220.33765,0.337650000000000004
220.365275,0.365275000000000014
220.3929,0.392900000000000025
220.420525,0.420524999999999925
220.44815,0.448149999999999935
220.475775,0.475774999999999945
220.5034,0.503399999999999845
220.531025,0.531024999999999856
220.55865,0.558649999999999867
220.586275,0.586274999999999877
220.6139,0.613899999999999887
220.641525,0.641524999999999898
220.66915,0.669149999999999908
220.696775,0.696774999999999918
220.7244,0.724399999999999929
220.752025,0.752024999999999939
220.77965,0.779649999999999948
220.807275,0.80727499999999996
220.8349,0.834899999999999972
220.862525,0.862524999999999984
220.89015,0.890149999999999991
220.917775,0.917775000000000003
220.9454,0.945400000000000013
220.973025,0.973025000000000025
221.00065,1.000649999999999813
221.028275,1.028274999999999823
221.0559,1.055899999999999834
221.083525,1.083524999999999844
221.11115,1.111149999999999856
221.138775,1.138774999999999865
221.1664,1.166399999999999876
221.194025,1.194024999999999887
221.22165,1.221649999999999897
221.249275,1.249274999999999903
221.2769,1.276899999999999918
221.304525,1.304524999999999927
221.33215,1.332149999999999938
221.359775,1.359774999999999951
221.3874,1.387399999999999962
221.415025,1.415024999999999975
221.44265,1.442649999999999981
230.089025,0.089024999999999992
230.11665,0.116650000000000003
230.144275,0.144274999999999985
230.1719,0.171899999999999996
230.199525,0.199525000000000007
230.22715,0.227149999999999962
230.254775,0.254774999999999972
230.2824,0.282399999999999982
230.310025,0.310024999999999994
230.33765,0.337650000000000004
230.365275,0.365275000000000014
230.3929,0.392900000000000025
230.420525,0.420524999999999925
230.44815,0.448149999999999935
230.475775,0.475774999999999945
230.5034,0.503399999999999845
230.531025,0.531024999999999856
230.55865,0.558649999999999867
230.586275,0.586274999999999877
230.6139,0.613899999999999887
230.641525,0.641524999999999898
230.66915,0.669149999999999908
230.696775,0.696774999999999918
230.7244,0.724399999999999929
230.752025,0.752024999999999939
230.77965,0.779649999999999948
230.807275,0.80727499999999996
230.8349,0.834899999999999972
230.862525,0.862524999999999984
230.89015,0.890149999999999991
230.917775,0.917775000000000003
230.9454,0.945400000000000013
230.973025,0.973025000000000025
231.00065,1.000649999999999813
231.028275,1.028274999999999823
231.0559,1.055899999999999834
231.083525,1.083524999999999844
231.11115,1.111149999999999856
231.138775,1.138774999999999865
231.1664,1.166399999999999876
231.194025,1.194024999999999887
231.22165,1.221649999999999897
231.249275,1.249274999999999903
231.2769,1.276899999999999918
231.304525,1.304524999999999927
231.33215,1.332149999999999938
231.359775,1.359774999999999951
231.3874,1.387399999999999962
231.415025,1.415024999999999975
231.44265,1.442649999999999981
240.089025,0.089024999999999992
240.11665,0.116650000000000003
240.144275,0.144274999999999985
240.1719,0.171899999999999996
240.199525,0.199525000000000007
240.22715,0.227149999999999962
240.254775,0.254774999999999972
240.2824,0.282399999999999982
240.310025,0.310024999999999994
240.33765,0.337650000000000004
240.365275,0.365275000000000014
240.3929,0.392900000000000025
240.420525,0.420524999999999925
240.44815,0.448149999999999935
240.475775,0.475774999999999945
240.5034,0.503399999999999845
240.531025,0.531024999999999856
240.55865,0.558649999999999867
240.586275,0.586274999999999877
240.6139,0.613899999999999887
240.641525,0.641524999999999898
240.66915,0.669149999999999908
240.696775,0.696774999999999918
240.7244,0.724399999999999929
240.752025,0.752024999999999939
240.77965,0.779649999999999948
240.807275,0.80727499999999996
240.8349,0.834899999999999972
240.862525,0.862524999999999984
240.89015,0.890149999999999991
240.917775,0.917775000000000003
240.9454,0.945400000000000013
240.973025,0.973025000000000025
241.00065,1.000649999999999813
241.028275,1.028274999999999823
241.0559,1.055899999999999834
241.083525,1.083524999999999844
241.11115,1.111149999999999856
241.138775,1.138774999999999865
241.1664,1.166399999999999876
241.194025,1.194024999999999887
241.22165,1.221649999999999897
241.249275,1.249274999999999903
241.2769,1.276899999999999918
241.304525,1.304524999999999927
241.33215,1.332149999999999938
241.359775,1.359774999999999951
241.3874,1.387399999999999962
241.415025,1.415024999999999975
241.44265,1.442649999999999981
250.089025,0.089024999999999992
250.11665,0.116650000000000003
250.144275,0.144274999999999985
250.1719,0.171899999999999996
250.199525,0.199525000000000007
250.22715,0.227149999999999962
250.254775,0.254774999999999972
250.2824,0.282399999999999982
250.310025,0.310024999999999994
250.33765,0.337650000000000004
250.365275,0.365275000000000014
250.3929,0.392900000000000025
250.420525,0.420524999999999925
250.44815,0.448149999999999935
250.475775,0.475774999999999945
250.5034,0.503399999999999845
250.531025,0.531024999999999856
250.55865,0.558649999999999867
250.586275,0.586274999999999877
250.6139,0.613899999999999887
250.641525,0.641524999999999898
250.66915,0.669149999999999908
250.696775,0.696774999999999918
250.7244,0.724399999999999929
250.752025,0.752024999999999939
250.77965,0.779649999999999948
250.807275,0.80727499999999996
250.8349,0.834899999999999972
250.862525,0.862524999999999984
250.89015,0.890149999999999991
250.917775,0.917775000000000003
250.9454,0.945400000000000013
250.973025,0.973025000000000025
251.00065,1.000649999999999813
251.028275,1.028274999999999823
251.0559,1.055899999999999834
251.083525,1.083524999999999844
251.11115,1.111149999999999856
251.138775,1.138774999999999865
251.1664,1.166399999999999876
251.194025,1.194024999999999887
251.22165,1.221649999999999897
251.249275,1.249274999999999903
251.2769,1.276899999999999918
251.304525,1.304524999999999927
251.33215,1.332149999999999938
251.359775,1.359774999999999951
251.3874,1.387399999999999962
251.415025,1.415024999999999975
251.44265,1.442649999999999981
260.089025,0.089024999999999992
260.11665,0.116650000000000003
260.144275,0.144274999999999985
260.1719,0.171899999999999996
260.199525,0.199525000000000007
260.22715,0.227149999999999962
260.254775,0.254774999999999972
260.2824,0.282399999999999982
260.310025,0.310024999999999994
260.33765,0.337650000000000004
260.365275,0.365275000000000014
260.3929,0.392900000000000025
260.420525,0.420524999999999925
260.44815,0.448149999999999935
260.475775,0.475774999999999945
260.5034,0.503399999999999845
260.531025,0.531024999999999856
260.55865,0.558649999999999867
260.586275,0.586274999999999877
260.6139,0.613899999999999887
260.641525,0.641524999999999898
260.66915,0.669149999999999908
260.696775,0.696774999999999918
260.7244,0.724399999999999929
260.752025,0.752024999999999939
260.77965,0.779649999999999948
260.807275,0.80727499999999996
260.8349,0.834899999999999972
260.862525,0.862524999999999984
260.89015,0.890149999999999991
260.917775,0.917775000000000003
260.9454,0.945400000000000013
260.973025,0.973025000000000025
261.00065,1.000649999999999813
261.028275,1.028274999999999823
261.0559,1.055899999999999834
261.083525,1.083524999999999844
261.11115,1.111149999999999856
261.138775,1.138774999999999865
261.1664,1.166399999999999876
261.194025,1.194024999999999887
261.22165,1.221649999999999897
261.249275,1.249274999999999903
261.2769,1.276899999999999918
261.304525,1.304524999999999927
261.33215,1.332149999999999938
261.359775,1.359774999999999951
261.3874,1.387399999999999962
261.415025,1.415024999999999975
261.44265,1.442649999999999981
270.089025,0.089024999999999992
270.11665,0.116650000000000003
270.144275,0.144274999999999985
270.1719,0.171899999999999996
270.199525,0.199525000000000007
270.22715,0.227149999999999962
270.254775,0.254774999999999972
270.2824,0.282399999999999982
270.310025,0.310024999999999994
270.33765,0.337650000000000004
270.365275,0.365275000000000014
270.3929,0.392900000000000025
270.420525,0.420524999999999925
270.44815,0.448149999999999935
270.475775,0.475774999999999945
270.5034,0.503399999999999845
270.531025,0.531024999999999856
270.55865,0.558649999999999867
270.586275,0.586274999999999877
270.6139,0.613899999999999887
270.641525,0.641524999999999898
270.66915,0.669149999999999908
270.696775,0.696774999999999918
270.7244,0.724399999999999929
270.752025,0.752024999999999939
270.77965,0.779649999999999948
270.807275,0.80727499999999996
270.8349,0.834899999999999972
270.862525,0.862524999999999984
270.89015,0.890149999999999991
270.917775,0.917775000000000003
270.9454,0.945400000000000013
270.973025,0.973025000000000025
271.00065,1.000649999999999813
271.028275,1.028274999999999823
271.0559,1.055899999999999834
271.083525,1.083524999999999844
271.11115,1.111149999999999856
271.138775,1.138774999999999865
271.1664,1.166399999999999876
271.194025,1.194024999999999887
271.22165,1.221649999999999897
271.249275,1.249274999999999903
271.2769,1.276899999999999918
271.304525,1.304524999999999927
271.33215,1.332149999999999938
271.359775,1.359774999999999951
271.3874,1.387399999999999962
271.415025,1.415024999999999975
271.44265,1.442649999999999981
280.089025,0.089024999999999992
280.11665,0.116650000000000003
280.144275,0.144274999999999985
280.1719,0.171899999999999996
280.199525,0.199525000000000007
280.22715,0.227149999999999962
280.254775,0.254774999999999972
280.2824,0.282399999999999982
280.310025,0.310024999999999994
280.33765,0.337650000000000004
280.365275,0.365275000000000014
280.3929,0.392900000000000025
280.420525,0.420524999999999925
280.44815,0.448149999999999935
280.475775,0.475774999999999945
280.5034,0.503399999999999845
280.531025,0.531024999999999856
280.55865,0.558649999999999867
280.586275,0.586274999999999877
280.6139,0.613899999999999887
280.641525,0.641524999999999898
280.66915,0.669149999999999908
280.696775,0.696774999999999918
280.7244,0.724399999999999929
280.752025,0.752024999999999939
280.77965,0.779649999999999948
280.807275,0.80727499999999996
280.8349,0.834899999999999972
280.862525,0.862524999999999984
280.89015,0.890149999999999991
280.917775,0.917775000000000003
280.9454,0.945400000000000013
280.973025,0.973025000000000025
281.00065,1.000649999999999813
281.028275,1.028274999999999823
281.0559,1.055899999999999834
281.083525,1.083524999999999844
281.11115,1.111149999999999856
281.138775,1.138774999999999865
281.1664,1.166399999999999876
281.194025,1.194024999999999887
281.22165,1.221649999999999897
281.249275,1.249274999999999903
281.2769,1.276899999999999918
281.304525,1.304524999999999927
281.33215,1.332149999999999938
281.359775,1.359774999999999951
281.3874,1.387399999999999962
281.415025,1.415024999999999975
281.44265,1.442649999999999981
290.089025,0.089024999999999992
290.11665,0.116650000000000003
290.144275,0.144274999999999985
290.1719,0.171899999999999996
290.199525,0.199525000000000007
290.22715,0.227149999999999962
290.254775,0.254774999999999972
290.2824,0.282399999999999982
290.310025,0.310024999999999994
290.33765,0.337650000000000004
290.365275,0.365275000000000014
290.3929,0.392900000000000025
290.420525,0.420524999999999925
290.44815,0.448149999999999935
290.475775,0.475774999999999945
290.5034,0.503399999999999845
290.531025,0.531024999999999856
290.55865,0.558649999999999867
290.586275,0.586274999999999877
290.6139,0.613899999999999887
290.641525,0.641524999999999898
290.66915,0.669149999999999908
290.696775,0.696774999999999918
290.7244,0.724399999999999929
290.752025,0.752024999999999939
290.77965,0.779649999999999948
290.807275,0.80727499999999996
290.8349,0.834899999999999972
290.862525,0.862524999999999984
290.89015,0.890149999999999991
290.917775,0.917775000000000003
290.9454,0.945400000000000013
290.973025,0.973025000000000025
291.00065,1.000649999999999813
291.028275,1.028274999999999823
291.0559,1.055899999999999834
291.083525,1.083524999999999844
291.11115,1.111149999999999856
291.138775,1.138774999999999865
291.1664,1.166399999999999876
291.194025,1.194024999999999887
291.22165,1.221649999999999897
291.249275,1.249274999999999903
291.2769,1.276899999999999918
291.304525,1.304524999999999927
291.33215,1.332149999999999938
291.359775,1.359774999999999951
291.3874,1.387399999999999962
291.415025,1.415024999999999975
291.44265,1.442649999999999981
